pdb_id,yxdd_motif,YXDD_motif,length,best_ref_family,best_ref,foldseek_family,pident_to_ref,domain_coverage,Fingers,Motif1 and 2,LPQG,SP,Upstream D,Y-X-DD,Palm,Thumb,Connection,RNaseH,yxdd_resids,overall_status,overall_n_residues,overall_n_atoms,overall_n_oob,overall_mean_pot,overall_median_pot,overall_std_pot,overall_min_pot,overall_max_pot,overall_range_pot,overall_pos_frac,overall_neg_frac,overall_strong_pos_frac,overall_strong_neg_frac,overall_rms_pot,overall_abs_mean_pot,fingers_status,fingers_n_residues,fingers_n_atoms,fingers_n_oob,fingers_mean_pot,fingers_median_pot,fingers_std_pot,fingers_min_pot,fingers_max_pot,fingers_range_pot,fingers_pos_frac,fingers_neg_frac,fingers_strong_pos_frac,fingers_strong_neg_frac,fingers_rms_pot,fingers_abs_mean_pot,motif12_status,motif12_n_residues,motif12_n_atoms,motif12_n_oob,motif12_mean_pot,motif12_median_pot,motif12_std_pot,motif12_min_pot,motif12_max_pot,motif12_range_pot,motif12_pos_frac,motif12_neg_frac,motif12_strong_pos_frac,motif12_strong_neg_frac,motif12_rms_pot,motif12_abs_mean_pot,lpqg_sp_3A_status,lpqg_sp_3A_n_residues,lpqg_sp_3A_n_atoms,lpqg_sp_3A_n_oob,lpqg_sp_3A_mean_pot,lpqg_sp_3A_median_pot,lpqg_sp_3A_std_pot,lpqg_sp_3A_min_pot,lpqg_sp_3A_max_pot,lpqg_sp_3A_range_pot,lpqg_sp_3A_pos_frac,lpqg_sp_3A_neg_frac,lpqg_sp_3A_strong_pos_frac,lpqg_sp_3A_strong_neg_frac,lpqg_sp_3A_rms_pot,lpqg_sp_3A_abs_mean_pot,yxdd_5A_status,yxdd_5A_n_residues,yxdd_5A_n_atoms,yxdd_5A_n_oob,yxdd_5A_mean_pot,yxdd_5A_median_pot,yxdd_5A_std_pot,yxdd_5A_min_pot,yxdd_5A_max_pot,yxdd_5A_range_pot,yxdd_5A_pos_frac,yxdd_5A_neg_frac,yxdd_5A_strong_pos_frac,yxdd_5A_strong_neg_frac,yxdd_5A_rms_pot,yxdd_5A_abs_mean_pot,palm_status,palm_n_residues,palm_n_atoms,palm_n_oob,palm_mean_pot,palm_median_pot,palm_std_pot,palm_min_pot,palm_max_pot,palm_range_pot,palm_pos_frac,palm_neg_frac,palm_strong_pos_frac,palm_strong_neg_frac,palm_rms_pot,palm_abs_mean_pot,thumb_status,thumb_n_residues,thumb_n_atoms,thumb_n_oob,thumb_mean_pot,thumb_median_pot,thumb_std_pot,thumb_min_pot,thumb_max_pot,thumb_range_pot,thumb_pos_frac,thumb_neg_frac,thumb_strong_pos_frac,thumb_strong_neg_frac,thumb_rms_pot,thumb_abs_mean_pot,connection_status,connection_n_residues,connection_n_atoms,connection_n_oob,connection_mean_pot,connection_median_pot,connection_std_pot,connection_min_pot,connection_max_pot,connection_range_pot,connection_pos_frac,connection_neg_frac,connection_strong_pos_frac,connection_strong_neg_frac,connection_rms_pot,connection_abs_mean_pot,rnaseH_status,rnaseH_n_residues,rnaseH_n_atoms,rnaseH_n_oob,rnaseH_mean_pot,rnaseH_median_pot,rnaseH_std_pot,rnaseH_min_pot,rnaseH_max_pot,rnaseH_range_pot,rnaseH_pos_frac,rnaseH_neg_frac,rnaseH_strong_pos_frac,rnaseH_strong_neg_frac,rnaseH_rms_pot,rnaseH_abs_mean_pot,yxdd_Y_mean,yxdd_X_mean,yxdd_D1_mean,yxdd_D2_mean
sequence_3,TVAA,YVDD,475,Retroviral,MMLV-RT,Retroviral,0.6863,8,"1, 19-102, 138-170",76-91,166-169,173-174,128,200-203,"1-18, 103-137, 171-253",254-339,340-468,"464-469, 471-475","[200, 201, 202, 203]",OK,475,7583,0,7.1235,27.5465,159.9978,-682.4092,521.5764,1203.9856,0.7021,0.2979,0.7001,0.2957,160.1563,114.894,OK,118,1912,0,5.1617,26.0125,164.1796,-527.0116,507.2789,1034.2905,0.6998,0.3002,0.6977,0.2976,164.2607,117.0815,OK,16,257,0,13.5418,29.3562,158.8442,-429.6271,471.137,900.7641,0.7315,0.2685,0.7315,0.2685,159.4204,115.005,OK,13,207,0,10.1674,31.4826,165.2872,-523.0858,441.1242,964.21,0.7053,0.2947,0.7053,0.2947,165.5996,120.0152,OK,24.0,399.0,0.0,-5.6611,21.8729,150.6412,-595.2626,441.1242,1036.3869,0.6667,0.3333,0.6667,0.3283,150.7476,103.3115,OK,136,2228,0,5.588,27.6673,161.1378,-682.4092,498.5191,1180.9283,0.6863,0.3137,0.6849,0.311,161.2346,116.6024,OK,86,1341,0,12.7151,30.6399,157.6041,-594.978,509.0083,1103.9863,0.7159,0.2841,0.7129,0.2811,158.1162,113.9984,OK,129.0,2035.0,0.0,8.5217,27.9025,155.9784,-502.6685,521.5764,1024.2448,0.7125,0.2875,0.7106,0.287,156.211,112.2004,OK,11.0,147.0,0.0,3.2542,23.7265,150.2219,-537.3193,413.7745,951.0938,0.7891,0.2109,0.7891,0.2041,150.2571,95.3067,-8.2459,0.8439,-54.9935,-83.5362
Gs-RT,TAAA,YADD,419,Group_II_Intron,6ar3,Group_II_Intron,1.0,8,"1-101, 146-192",62-78,188-191,195-196,137,220-223,"102-145, 193-278",279-419,,,"[220, 221, 222, 223]",OK,419,6969,0,16.0363,35.1967,159.8656,-585.3357,557.1471,1142.4828,0.715,0.285,0.7134,0.2833,160.6679,118.5823,OK,148,2358,0,11.2814,31.5199,159.9306,-585.3357,511.5523,1096.8879,0.7218,0.2782,0.7197,0.2752,160.328,115.9032,OK,17,269,0,21.5456,37.3889,156.4623,-446.3157,438.2682,884.5839,0.7509,0.2491,0.7509,0.2454,157.9388,117.3738,OK,14,190,0,18.9661,37.3844,152.0599,-446.3157,438.2682,884.5839,0.7316,0.2684,0.7316,0.2684,153.2382,116.4115,OK,22.0,337.0,0.0,7.2848,34.5642,159.1781,-513.1303,397.1785,910.3088,0.6558,0.3442,0.6469,0.3412,159.3447,118.8917,OK,130,2156,0,12.3884,33.3924,160.8819,-539.5984,557.1471,1096.7455,0.6953,0.3047,0.6934,0.3029,161.3582,118.5248,OK,141,2455,0,23.807,41.1042,158.6096,-523.8657,537.3198,1061.1856,0.7259,0.2741,0.7251,0.2737,160.3864,121.206,NO_ANNOTATION,,,,,,,,,,,,,,,,NO_ANNOTATION,,,,,,,,,,,,,,,,15.17,43.8577,-58.411,7.9307
sequence_7,TVAA,YVDD,475,Retroviral,MMLV-RT,Retroviral,0.6463,8,"1, 19-102, 138-170",76-91,166-169,173-174,128,200-203,"1-18, 103-137, 171-253",254-339,340-465,463-475,"[200, 201, 202, 203]",OK,475,7552,0,6.2148,26.2793,161.1197,-596.545,531.6456,1128.1906,0.7018,0.2982,0.7003,0.2962,161.2395,115.6059,OK,118,1887,0,5.3921,24.3803,162.5844,-596.545,526.0621,1122.6071,0.6985,0.3015,0.6969,0.2994,162.6738,116.0832,OK,16,267,0,14.7942,30.3333,159.8101,-425.8423,374.6934,800.5357,0.7303,0.2697,0.7303,0.2697,160.4934,118.0384,OK,13,207,0,12.3671,31.3231,163.6477,-472.7895,411.5953,884.3848,0.7053,0.2947,0.7053,0.2947,164.1143,120.2823,OK,24.0,400.0,0.0,-1.7247,24.6652,153.4299,-498.1569,377.9929,876.1498,0.675,0.325,0.675,0.325,153.4395,108.4534,OK,136,2145,0,3.7425,26.1208,161.988,-568.0285,452.5597,1020.5883,0.6848,0.3152,0.6848,0.3124,162.0313,116.926,OK,86,1387,0,12.2576,30.2781,161.0996,-503.8849,531.6456,1035.5305,0.7123,0.2877,0.7102,0.2862,161.5653,117.4911,OK,126.0,2005.0,0.0,6.4983,26.239,159.1959,-575.5704,472.8561,1048.4265,0.7097,0.2903,0.7072,0.2888,159.3284,114.0476,OK,13.0,187.0,0.0,2.2495,21.47,147.3251,-441.8965,401.1022,842.9987,0.8021,0.1979,0.8021,0.1979,147.3423,90.7835,-5.8099,5.2346,-66.0125,15.7021
sequence_29,TVAA,YVDD,475,Retroviral,MMLV-RT,Retroviral,0.6674,8,"1, 19-102, 138-170",76-91,166-169,173-174,128,200-203,"1-18, 103-137, 171-253",254-339,340-466,465-475,"[200, 201, 202, 203]",OK,475,7500,0,3.4409,24.4837,161.1949,-648.7106,502.9302,1151.6408,0.6925,0.3075,0.6891,0.3047,161.2317,114.6348,OK,118,1900,0,5.3468,25.0741,161.57,-531.7211,461.4944,993.2155,0.7084,0.2916,0.7063,0.2895,161.6584,115.2413,OK,16,267,0,13.1761,31.6639,161.9774,-502.462,461.4944,963.9563,0.7303,0.2697,0.7303,0.2659,162.5124,117.6623,OK,14,221,0,7.9575,28.462,163.1813,-445.1523,395.8173,840.9696,0.7014,0.2986,0.7014,0.2986,163.3752,120.6782,OK,24.0,399.0,0.0,-8.9204,18.5456,156.0662,-536.9731,379.1993,916.1724,0.6566,0.3434,0.6491,0.3409,156.321,107.4611,OK,136,2162,0,0.4661,23.766,161.0611,-648.7106,502.9302,1151.6408,0.6716,0.3284,0.6684,0.3247,161.0618,114.8818,OK,86,1321,0,10.0623,27.9607,160.4567,-558.1722,478.3797,1036.5519,0.7055,0.2945,0.7002,0.293,160.7719,115.7173,OK,127.0,2025.0,0.0,2.1793,23.7965,159.6467,-579.2154,468.5126,1047.728,0.6938,0.3062,0.6899,0.3027,159.6616,112.3876,OK,11.0,139.0,0.0,-10.1689,15.3681,175.1526,-461.9658,446.2387,908.2045,0.7122,0.2878,0.7122,0.2878,175.4475,114.871,-6.4565,1.446,-71.2464,-87.6908
sequence_12,TVAA,YVDD,475,Retroviral,MMLV-RT,Retroviral,0.6716,8,"1, 19-102, 138-170",76-91,166-169,173-174,128,200-203,"1-18, 103-137, 171-253",254-339,"340-462, 466-469",463-475,"[200, 201, 202, 203]",OK,475,7556,0,5.5474,25.5949,158.2878,-620.35,563.107,1183.457,0.7004,0.2996,0.6981,0.2979,158.385,112.5425,OK,118,1919,0,4.1772,25.184,162.8138,-590.5938,468.2175,1058.8113,0.703,0.297,0.6988,0.2944,162.8673,115.1322,OK,16,267,0,11.4473,29.0511,158.8653,-590.5938,466.643,1057.2368,0.7341,0.2659,0.7303,0.2659,159.2772,114.4838,OK,13,207,0,9.8588,29.5266,156.235,-481.5836,334.1306,815.7142,0.6957,0.3043,0.6957,0.2947,156.5457,114.8996,OK,24.0,399.0,0.0,-2.8744,23.3102,147.7219,-470.6719,445.1367,915.8086,0.6667,0.3333,0.6667,0.3308,147.7499,104.3772,OK,136,2159,0,2.9133,24.5354,156.8477,-620.35,563.107,1183.457,0.6823,0.3177,0.6809,0.3159,156.8747,111.9131,OK,86,1338,0,10.6301,28.0216,157.2806,-542.0919,509.0943,1051.1862,0.7085,0.2915,0.7055,0.2907,157.6394,112.4345,OK,127.0,2023.0,0.0,7.1178,26.6252,156.1069,-557.3025,514.4911,1071.7936,0.7098,0.2902,0.7088,0.2887,156.2691,111.6819,OK,13.0,200.0,0.0,0.8579,19.6079,153.3851,-509.5558,445.4661,955.0219,0.755,0.245,0.755,0.24,153.3875,98.0333,-2.3287,18.6748,-66.8003,-74.8218
sequence_11,TVAA,YVDD,475,Retroviral,FENV1-RT,Retroviral,0.6716,8,"1, 19-102, 138-170",76-91,166-169,173-174,128,200-203,"4-18, 103-137, 171-253",254-339,340-465,466-475,"[200, 201, 202, 203]",OK,475,7626,0,6.7094,27.4198,162.8379,-643.491,540.0244,1183.5155,0.7027,0.2973,0.6997,0.2952,162.9761,116.7622,OK,118,1940,0,5.0919,26.487,166.24,-548.3402,499.7103,1048.0505,0.7036,0.2964,0.7,0.2933,166.3179,118.4991,OK,16,257,0,13.3127,29.9241,159.5431,-482.2361,384.4596,866.6957,0.7315,0.2685,0.7315,0.2685,160.0975,116.0208,OK,13,207,0,12.3304,31.5234,166.4019,-440.3364,491.4855,931.8219,0.7053,0.2947,0.7005,0.2947,166.8581,122.1096,OK,24.0,400.0,0.0,0.2213,25.89,153.9487,-497.7487,405.7175,903.4663,0.67,0.33,0.67,0.3275,153.9489,110.4407,OK,133,2121,0,5.1351,26.372,162.6413,-643.491,519.5844,1163.0754,0.6902,0.3098,0.6869,0.3083,162.7223,117.4216,OK,86,1386,0,14.186,32.2602,162.0477,-577.1635,501.8204,1078.9839,0.7172,0.2828,0.715,0.2807,162.6675,117.8869,OK,126.0,1997.0,0.0,6.1712,27.381,160.3244,-575.5342,540.0244,1115.5586,0.7046,0.2954,0.7016,0.2944,160.4431,115.4134,OK,10.0,143.0,0.0,-7.9206,17.9138,156.9441,-513.0697,428.4686,941.5383,0.7343,0.2657,0.7343,0.2517,157.1438,89.6619,9.0913,-2.8524,-79.0929,5.6301
sequence_1,TVAA,YVDD,475,Retroviral,MMLV-RT,Retroviral,0.6589,8,"1, 19-102, 138-170",76-91,166-169,173-174,128,200-203,"1-18, 103-137, 171-253",254-339,340-465,464-475,"[200, 201, 202, 203]",OK,475,7577,0,5.4524,26.0956,161.8636,-637.5021,549.3978,1186.8999,0.7013,0.2987,0.6986,0.2971,161.9554,115.4152,OK,118,1904,0,4.8329,26.2676,163.932,-567.8684,508.4658,1076.3342,0.7012,0.2988,0.6975,0.2983,164.0033,117.0385,OK,16,267,0,14.2901,32.1654,159.9681,-453.1151,409.2432,862.3583,0.7341,0.2659,0.7341,0.2659,160.6052,116.5877,OK,14,221,0,12.2175,31.1588,165.7962,-506.0699,406.2742,912.3441,0.7104,0.2896,0.7014,0.2896,166.2457,122.9095,OK,24.0,399.0,0.0,-5.8061,20.4145,151.2503,-498.6795,438.6184,937.2979,0.6642,0.3358,0.6566,0.3333,151.3617,103.8829,OK,136,2178,0,4.0683,25.8543,163.0824,-562.0603,539.4321,1101.4924,0.6873,0.3127,0.6837,0.3099,163.1331,116.6264,OK,86,1366,0,9.3188,28.5756,162.3342,-607.801,475.8768,1083.6778,0.7064,0.2936,0.7057,0.2921,162.6014,117.1266,OK,126.0,2008.0,0.0,6.7012,26.2781,158.7787,-585.0694,549.3978,1134.4672,0.7102,0.2898,0.7082,0.2888,158.92,113.3286,OK,12.0,168.0,0.0,-8.5667,18.7554,147.5188,-637.5021,327.154,964.6561,0.7857,0.2143,0.7798,0.2083,147.7673,85.7752,-10.1779,6.1858,-73.7508,-86.4456
Er-RT,TAAA,YADD,426,Group_II_Intron,Er-RT,Group_II_Intron,1.0,8,"1-104, 149-195",65-81,191-194,198-199,140,223-226,"105-148, 196-281",282-426,,,"[223, 224, 225, 226]",OK,426,6940,0,11.5232,31.5428,164.0168,-611.6462,550.8332,1162.4794,0.6988,0.3012,0.6964,0.298,164.4211,119.8367,OK,151,2394,0,8.4725,28.6464,167.746,-611.6462,515.4119,1127.0581,0.7043,0.2957,0.7001,0.2937,167.9598,120.6107,OK,17,270,0,13.6874,30.4587,169.2265,-539.022,439.0151,978.0371,0.7185,0.2815,0.7185,0.2778,169.7791,122.3305,OK,14,190,0,17.8292,37.1611,157.4966,-350.3693,363.9123,714.2815,0.7421,0.2579,0.7421,0.2579,158.5025,119.3384,OK,21.0,335.0,0.0,4.4507,25.4004,155.5979,-488.4163,493.4462,981.8625,0.6358,0.3642,0.6299,0.3582,155.6615,113.971,OK,130,2101,0,4.8561,27.3243,165.498,-551.6863,535.4063,1087.0926,0.674,0.326,0.6716,0.3198,165.5692,118.9374,OK,145,2445,0,20.2394,38.6705,158.5794,-522.6643,550.8332,1073.4975,0.7149,0.2851,0.7141,0.2834,159.8658,119.8516,NO_ANNOTATION,,,,,,,,,,,,,,,,NO_ANNOTATION,,,,,,,,,,,,,,,,12.8573,30.1854,-54.9867,-57.6371
sequence_5,TVAA,YVDD,475,Retroviral,MMLV-RT,Retroviral,0.6589,8,"1, 19-102, 138-170",76-91,166-169,173-174,128,200-203,"1-18, 103-137, 171-253",254-339,340-465,466-475,"[200, 201, 202, 203]",OK,475,7613,0,3.5238,26.3592,172.0475,-624.1105,553.8093,1177.9198,0.693,0.307,0.6897,0.3046,172.0836,122.4159,OK,118,1932,0,3.9029,25.5058,173.6845,-589.339,523.025,1112.364,0.6957,0.3043,0.692,0.3023,173.7284,123.266,OK,16,270,0,12.4762,31.0358,173.5986,-515.6662,485.8964,1001.5626,0.7259,0.2741,0.7259,0.2741,174.0463,124.7692,OK,13,207,0,7.8099,28.1737,169.9285,-428.3403,377.6438,805.9841,0.6908,0.3092,0.686,0.3092,170.1079,125.5543,OK,24.0,399.0,0.0,-6.0811,21.6492,165.8986,-582.5435,436.2017,1018.7453,0.6516,0.3484,0.6491,0.3434,166.01,115.3646,OK,136,2181,0,-1.1875,23.2471,174.9883,-624.1105,553.8093,1177.9198,0.6699,0.3301,0.6653,0.326,174.9923,124.1368,OK,86,1377,0,8.0628,29.5173,171.9593,-568.7625,512.1413,1080.9038,0.6993,0.3007,0.6957,0.2985,172.1483,123.3844,OK,126.0,2005.0,0.0,6.1956,28.4239,168.5933,-592.7731,511.1217,1103.8949,0.7057,0.2943,0.7042,0.2933,168.7071,121.1824,OK,10.0,137.0,0.0,-1.6109,20.8171,144.96,-512.8569,402.7783,915.6353,0.7956,0.2044,0.7956,0.2044,144.9689,90.4715,-0.696,12.0839,-75.0968,-65.8599
sequence_6,TVAA,YVDD,475,Retroviral,MMLV-RT,Retroviral,0.6989,8,"1, 19-102, 138-170",76-91,166-169,173-174,128,200-203,"1-18, 103-137, 171-253",254-339,340-465,466-475,"[200, 201, 202, 203]",OK,475,7589,0,4.7301,24.5401,151.036,-626.6007,580.7829,1207.3836,0.6994,0.3006,0.6973,0.2981,151.11,107.6281,OK,118,1960,0,5.3643,24.8199,156.5489,-577.0161,521.9542,1098.9703,0.7015,0.2985,0.6985,0.2944,156.6408,111.303,OK,16,267,0,14.9488,31.0525,148.7601,-467.6414,483.2905,950.9319,0.7341,0.2659,0.7341,0.2659,149.5093,108.9925,OK,13,207,0,9.8101,28.0351,148.3683,-439.0633,372.3597,811.423,0.7053,0.2947,0.7053,0.2947,148.6923,110.147,OK,24.0,399.0,0.0,-9.0422,17.2916,145.0508,-572.4173,374.7465,947.1638,0.6516,0.3484,0.6441,0.3459,145.3324,99.9109,OK,136,2145,0,0.9347,23.8136,152.3251,-626.6007,489.3746,1115.9753,0.6797,0.3203,0.6779,0.317,152.328,108.7674,OK,86,1371,0,12.5672,29.1873,150.9158,-491.3437,580.7829,1072.1266,0.7177,0.2823,0.7155,0.2801,151.4382,109.6041,OK,126.0,1983.0,0.0,3.7801,23.1134,145.3533,-468.0885,433.8075,901.896,0.6999,0.3001,0.6984,0.2995,145.4024,103.8879,OK,10.0,156.0,0.0,2.1767,19.5688,135.1756,-588.8285,421.8608,1010.6893,0.8013,0.1987,0.8013,0.1987,135.1931,82.3204,-21.5105,-3.5802,-79.9983,-84.3492
sequence_18,TVAA,YVDD,475,Retroviral,WMSV-RT,Retroviral,0.6603,8,"1, 19-102, 138-170",76-91,166-169,173-174,128,200-203,"1-18, 103-137, 171-253",254-339,"340-444, 446-464",465-475,"[200, 201, 202, 203]",OK,475,7497,0,7.5246,27.5898,156.5437,-637.7481,523.386,1161.1341,0.7081,0.2919,0.7047,0.289,156.7245,112.7473,OK,118,1902,0,6.3722,26.7573,161.3384,-607.4891,452.9215,1060.4106,0.7103,0.2897,0.705,0.2865,161.4642,116.1205,OK,16,267,0,15.5923,31.6579,154.9356,-446.7694,379.951,826.7204,0.7341,0.2659,0.7341,0.2659,155.7182,114.1386,OK,14,221,0,8.399,30.83,160.5994,-437.5328,374.93,812.4627,0.7059,0.2941,0.7059,0.2941,160.8189,119.0358,OK,24.0,399.0,0.0,-3.4628,23.6502,154.3504,-611.4012,433.8842,1045.2854,0.6591,0.3409,0.6566,0.3308,154.3892,107.3664,OK,136,2155,0,5.9335,27.4672,156.4519,-611.4012,433.8842,1045.2854,0.6928,0.3072,0.6905,0.3035,156.5644,113.1475,OK,86,1340,0,13.1321,31.7864,156.5951,-584.2867,523.386,1107.6727,0.7157,0.2843,0.7119,0.2813,157.1448,113.9808,OK,124.0,1945.0,0.0,8.0672,27.4685,152.5072,-637.7481,459.5023,1097.2504,0.7131,0.2869,0.71,0.2853,152.7204,110.1692,OK,11.0,164.0,0.0,-2.0637,20.5146,144.9217,-467.3563,336.2577,803.614,0.7805,0.2195,0.7805,0.2195,144.9364,89.3514,2.7026,12.6186,-63.7246,-58.8038
sequence_16,TVAA,YVDD,475,Retroviral,FENV1-RT,Retroviral,0.6653,8,"1, 19-102, 138-170",76-91,166-169,173-174,128,200-203,"1-12, 16-18, 103-137, 171-253",254-339,340-466,466-475,"[200, 201, 202, 203]",OK,475,7470,0,8.6378,28.739,162.0318,-642.146,515.08,1157.226,0.7086,0.2914,0.7064,0.2896,162.2618,117.3415,OK,118,1912,0,7.2469,26.9217,164.5374,-545.4335,494.1241,1039.5576,0.7082,0.2918,0.7061,0.2903,164.6969,118.4133,OK,16,261,0,14.1484,31.0742,166.1759,-454.4977,491.4961,945.9938,0.7318,0.2682,0.7318,0.2682,166.7771,120.4482,OK,13,207,0,11.989,32.1821,163.4766,-438.043,402.4959,840.5389,0.7053,0.2947,0.7053,0.2947,163.9156,121.2658,OK,24.0,399.0,0.0,-7.4327,22.1698,160.4685,-599.2771,387.682,986.9591,0.6566,0.3434,0.6516,0.3383,160.6406,111.0842,OK,133,2066,0,6.2223,27.9132,160.8433,-642.146,454.0961,1096.2421,0.6926,0.3074,0.6912,0.3049,160.9636,117.2349,OK,86,1333,0,14.0307,34.4419,162.3391,-575.1146,455.0766,1030.1912,0.7209,0.2791,0.7164,0.2776,162.9443,119.0414,OK,127.0,2007.0,0.0,9.2802,28.6906,160.7624,-563.6828,515.08,1078.7628,0.7115,0.2885,0.71,0.286,161.0301,116.395,OK,10.0,130.0,0.0,5.6923,22.1364,134.7863,-397.9689,376.2304,774.1993,0.8154,0.1846,0.8154,0.1846,134.9064,81.463,-15.5015,4.6409,-88.9386,-71.3765
sequence_0,TVAA,YVDD,475,Retroviral,FENV1-RT,Retroviral,0.6695,8,"1, 19-102, 138-170",76-91,166-169,173-174,128,200-203,"4-18, 103-137, 171-253",254-339,340-462,463-475,"[200, 201, 202, 203]",OK,475,7524,0,4.7198,25.1408,162.8457,-642.173,547.8688,1190.0419,0.6992,0.3008,0.6964,0.2994,162.9141,116.0092,OK,118,1913,0,6.5222,26.1307,166.014,-598.6481,547.8688,1146.5169,0.7057,0.2943,0.702,0.2927,166.1421,118.492,OK,16,267,0,14.4897,31.1565,157.6206,-479.4599,441.6877,921.1477,0.7303,0.2697,0.7303,0.2697,158.2852,114.0453,OK,13,207,0,8.5288,27.4443,159.7499,-463.0872,382.0586,845.1458,0.7101,0.2899,0.6957,0.2899,159.9774,117.4389,OK,24.0,399.0,0.0,-9.8803,18.0791,155.0765,-491.1399,396.5091,887.6489,0.6516,0.3484,0.6416,0.3434,155.3909,106.943,OK,133,2110,0,-0.8023,22.3695,163.082,-642.173,547.2949,1189.4679,0.6768,0.3232,0.673,0.3213,163.084,114.9701,OK,86,1356,0,11.5125,28.1075,161.3585,-497.2434,510.678,1007.9214,0.7205,0.2795,0.7183,0.2795,161.7686,116.3517,OK,123.0,1963.0,0.0,5.092,25.2681,160.5321,-622.4322,472.504,1094.9362,0.6999,0.3001,0.6984,0.2985,160.6129,115.5321,OK,13.0,157.0,0.0,-4.473,20.7864,154.0837,-511.6184,408.5272,920.1456,0.7389,0.2611,0.7389,0.2611,154.1487,98.9849,-13.3111,-7.9332,-70.656,-74.6137
sequence_24,TVAA,YVDD,475,Retroviral,MMLV-RT,Retroviral,0.6814,8,"1, 19-102, 138-170",76-91,166-169,173-174,128,200-203,"1-18, 103-137, 171-253",254-339,340-463,464-474,"[200, 201, 202, 203]",OK,475,7691,0,6.8658,29.0595,174.4441,-679.1047,596.988,1276.0928,0.6983,0.3017,0.6961,0.2997,174.5792,125.1445,OK,118,1920,0,4.3832,26.8425,177.9168,-679.1047,596.988,1276.0928,0.699,0.301,0.6969,0.2979,177.9707,126.4902,OK,16,267,0,13.0632,31.1732,173.684,-536.9689,416.5403,953.5092,0.7303,0.2697,0.7303,0.2697,174.1746,125.464,OK,13,207,0,9.7678,29.0595,175.1008,-486.028,469.0712,955.0992,0.7005,0.2995,0.7005,0.2995,175.3731,126.9482,OK,24.0,399.0,0.0,-8.8907,21.2495,167.5329,-601.8244,420.007,1021.8313,0.6516,0.3484,0.6491,0.3459,167.7686,116.3708,OK,136,2202,0,2.4532,27.1885,175.5751,-601.8244,532.8201,1134.6445,0.6794,0.3206,0.6771,0.3188,175.5923,125.918,OK,86,1389,0,14.0833,33.2,171.2054,-580.8304,483.5573,1064.3877,0.7135,0.2865,0.7113,0.2851,171.7836,124.5136,OK,124.0,2007.0,0.0,10.9432,32.0404,171.8897,-613.2892,584.0391,1197.3283,0.7075,0.2925,0.7065,0.291,172.2377,124.6732,OK,11.0,172.0,0.0,0.0057,22.5219,166.7582,-537.8319,423.8536,961.6855,0.7326,0.2674,0.7151,0.2674,166.7582,108.7517,-9.2162,0.8898,-80.5253,-95.6153
sequence_20,TVAA,YVDD,475,Retroviral,GALV-RT,Retroviral,0.6645,8,"1, 19-102, 138-170",76-91,166-169,173-174,128,200-203,"1-18, 103-137, 171-253",254-339,"340-448, 456-463",464-475,"[200, 201, 202, 203]",OK,475,7632,0,4.7983,26.7958,168.3994,-616.7253,544.7513,1161.4765,0.6973,0.3027,0.6944,0.3012,168.4678,120.2621,OK,118,1929,0,5.0919,26.6725,170.6363,-564.9368,525.5529,1090.4897,0.7014,0.2986,0.6988,0.2965,170.7122,121.4133,OK,16,267,0,14.4042,31.2996,164.7097,-509.0579,397.0075,906.0654,0.7303,0.2697,0.7303,0.2697,165.3383,120.5058,OK,14,221,0,10.2252,34.2551,177.077,-570.8475,437.3858,1008.2333,0.7059,0.2941,0.7059,0.2941,177.372,130.1959,OK,24.0,399.0,0.0,-8.0236,23.4139,162.6669,-570.8475,416.1089,986.9564,0.6516,0.3484,0.6491,0.3409,162.8646,113.9175,OK,136,2200,0,1.6285,26.0326,171.8523,-616.7253,504.3207,1121.046,0.6759,0.3241,0.6723,0.3209,171.8601,123.0148,OK,86,1360,0,11.099,30.8897,166.4993,-532.6641,483.8436,1016.5077,0.7125,0.2875,0.7096,0.2875,166.8688,121.1493,OK,117.0,1850.0,0.0,6.1305,26.7016,161.1905,-533.2736,544.7513,1078.0249,0.7076,0.2924,0.7059,0.2924,161.307,115.5964,OK,12.0,184.0,0.0,-10.0632,18.8022,171.2155,-513.762,435.8715,949.6335,0.7228,0.2772,0.712,0.2772,171.511,106.9171,-6.4975,-6.3109,-63.3787,-79.3207
Line1-RT,NOT_FOUND,,824,Retron,Ec67-RT,Retron,0.3172,7,"1, 151-154, 178-182, 201-207, 213-216, 227-229, 240-243, 253-265, 267-276, 329-354, 359-374, 380-382, 385-399, 405-415, 425-432, 443-466, 495-504, 506-508, 516-517, 546-564, 578-582, 589-595","178-182, 201-207, 213-216, 227-229",591-594,598-599,325,,"128-136, 174-193, 234, 251-278, 287-293, 295-317, 328-329, 348-355, 366-382","383-413, 430-437, 451-468, 471-480, 482-495, 504-512, 516-531, 541-546, 556-561, 563-565, 572-583, 599-607, 617-628, 637-642, 644-645",,,,OK,824,13907,0,15.9538,35.7579,167.7872,-648.0636,563.9132,1211.9767,0.7137,0.2863,0.7117,0.2839,168.544,122.9035,OK,200,3374,0,15.0247,35.1384,167.005,-648.0636,525.2796,1173.3431,0.7131,0.2869,0.7098,0.2842,167.6795,120.5746,OK,19,337,0,11.3093,33.1619,169.2115,-539.943,480.6792,1020.6222,0.7033,0.2967,0.6973,0.2908,169.5891,122.6169,OK,16,288,0,26.2739,44.8916,145.2624,-487.8819,443.5223,931.4042,0.7361,0.2639,0.7326,0.2639,147.6194,111.2433,NO_ANNOTATION,,,,,,,,,,,,,,,,OK,115,1983,0,15.1709,34.7347,165.3244,-640.0254,525.2796,1165.305,0.7131,0.2869,0.71,0.2849,166.019,119.9804,OK,162,2714,0,18.8393,37.3211,163.8587,-614.2595,496.286,1110.5455,0.7192,0.2808,0.7178,0.2778,164.9381,120.6111,NO_ANNOTATION,,,,,,,,,,,,,,,,NO_ANNOTATION,,,,,,,,,,,,,,,,,,,
sequence_13,TVAA,YVDD,475,Retroviral,WMSV-RT,Retroviral,0.678,8,"1, 19-102, 138-170",76-91,166-169,173-174,128,200-203,"1-18, 103-137, 171-253",254-339,"340-445, 449-463",464-475,"[200, 201, 202, 203]",OK,475,7437,0,5.5426,26.7987,169.0413,-630.9521,559.8299,1190.782,0.7003,0.2997,0.6983,0.2978,169.1322,120.466,OK,118,1881,0,5.7027,25.8461,171.5996,-630.9521,559.8299,1190.782,0.7033,0.2967,0.7012,0.2945,171.6943,122.5575,OK,16,257,0,13.8354,31.7582,167.82,-441.0165,511.7284,952.7449,0.7315,0.2685,0.7315,0.2685,168.3893,122.1805,OK,13,207,0,9.3818,27.3887,176.4706,-501.229,421.7352,922.9642,0.7005,0.2995,0.7005,0.2995,176.7198,127.6108,OK,24.0,399.0,0.0,-7.2568,22.1055,163.6774,-555.6305,418.247,973.8775,0.6491,0.3509,0.6466,0.3484,163.8382,113.6138,OK,136,2082,0,3.2239,25.9557,168.6258,-624.3165,513.5212,1137.8377,0.6868,0.3132,0.6854,0.3122,168.6567,120.7778,OK,86,1344,0,11.2916,30.3722,167.1464,-614.0351,468.1749,1082.21,0.7113,0.2887,0.7091,0.2865,167.5274,119.8025,OK,121.0,1926.0,0.0,6.2858,28.0476,169.6953,-628.1453,544.7281,1172.8734,0.7004,0.2996,0.6983,0.2975,169.8117,121.6892,OK,12.0,176.0,0.0,-9.4248,19.0762,155.8972,-563.8796,410.96,974.8396,0.7784,0.2216,0.7727,0.2216,156.1818,92.3781,-15.6665,-3.3474,-86.6019,-76.4359
sequence_23,TVAA,YVDD,475,Retroviral,MMLV-RT,Retroviral,0.6674,8,"1, 19-102, 138-170",76-91,166-169,173-174,128,200-203,"1-18, 103-137, 171-253",254-339,340-463,464-475,"[200, 201, 202, 203]",OK,475,7557,0,4.8172,25.1305,156.6074,-744.134,506.3564,1250.4904,0.6954,0.3046,0.6922,0.3025,156.6814,111.4401,OK,118,1889,0,6.5658,25.3145,158.0229,-630.4958,498.0261,1128.5219,0.7051,0.2949,0.7014,0.2938,158.1593,112.2445,OK,16,267,0,15.2692,29.6133,154.2762,-468.4318,429.106,897.5378,0.7303,0.2697,0.7303,0.2697,155.03,112.3452,OK,13,207,0,10.7088,28.9894,160.0648,-453.2521,408.8067,862.0588,0.7053,0.2947,0.7053,0.2947,160.4226,116.6821,OK,24.0,399.0,0.0,-9.4611,16.9813,151.0329,-472.9072,459.8943,932.8015,0.6566,0.3434,0.6491,0.3434,151.3289,103.7411,OK,136,2156,0,-1.7186,20.916,157.0498,-744.134,502.9722,1247.1062,0.6651,0.3349,0.6614,0.3321,157.0592,110.5527,OK,86,1385,0,14.0639,31.7206,154.9174,-485.6061,475.0688,960.6748,0.7177,0.2823,0.7155,0.2809,155.5544,113.1573,OK,124.0,1978.0,0.0,6.2697,26.4244,155.127,-531.9837,506.3564,1038.3401,0.7032,0.2968,0.7012,0.2937,155.2536,111.4474,OK,12.0,168.0,0.0,-16.5604,15.7119,160.6415,-472.6853,360.7278,833.4131,0.7143,0.2857,0.7024,0.2857,161.4928,100.9545,-11.5249,-4.1341,-68.8203,-78.6276
sequence_21,TVAA,YVDD,475,Retroviral,MMLV-RT,Retroviral,0.673,8,"1, 19-102, 138-170",76-91,166-169,173-174,128,200-203,"1-9, 11-18, 103-137, 171-253",254-339,340-468,464-475,"[200, 201, 202, 203]",OK,475,7498,0,7.8432,27.9301,161.3483,-626.3365,576.1736,1202.5101,0.7062,0.2938,0.7042,0.2917,161.5388,116.0673,OK,118,1916,0,6.3937,26.7191,166.8544,-626.3365,492.9147,1119.2512,0.7041,0.2959,0.7025,0.2923,166.9768,119.3986,OK,16,260,0,12.5216,29.5334,160.1166,-455.1095,444.6614,899.7709,0.7346,0.2654,0.7346,0.2654,160.6055,116.098,OK,13,207,0,8.2159,29.5923,171.4986,-626.3365,475.5688,1101.9053,0.7101,0.2899,0.7053,0.2899,171.6952,122.4745,OK,24.0,399.0,0.0,-7.3957,21.8122,154.2422,-623.2138,401.3985,1024.6124,0.6591,0.3409,0.6566,0.3383,154.4194,107.405,OK,135,2090,0,4.3253,25.3314,158.9588,-623.2138,576.1736,1199.3874,0.6909,0.3091,0.6885,0.3077,159.0176,113.7304,OK,86,1364,0,12.3087,31.7192,160.2253,-552.8126,468.7358,1021.5484,0.7148,0.2852,0.7133,0.283,160.6974,116.4733,OK,129.0,2034.0,0.0,11.0862,30.1087,160.3347,-508.2231,484.0453,992.2684,0.7163,0.2837,0.7139,0.2822,160.7175,116.9039,OK,12.0,159.0,0.0,2.1047,21.6054,129.707,-428.9725,315.4606,744.4331,0.7925,0.2075,0.7862,0.2075,129.724,81.6523,-7.9809,-8.0129,-70.5935,-61.5614
