rt_name,perplexity,instability_index,gravy,t40_raw,t45_raw,t50_raw,t55_raw,t60_raw,t65_raw,t70_raw,t75_raw,t80_raw,thermophilicity_num,triad_found_bin,D1_D2_dist,D2_D3_dist,triad_best_rmsd,hydrophobic_per_res,salt_per_res,hbonds_per_res,pocket_hydrophobic_per_res,pocket_hbonds_per_res,whole_mean_hydrophobicity,whole_std_hydrophobicity,yxdd_hydrophobic_fraction,yxdd_mean_hydrophobicity,hairpin_pass,yxdd_y_is_strand,yxdd_x_is_turn,yxdd_d1_is_turn,yxdd_d2_is_strand,foldseek_best_TM,foldseek_best_LDDT,foldseek_best_fident,foldseek_TM_HIV1,foldseek_TM_MMLV,foldseek_TM_MMLVPE,foldseek_TM_Retron,foldseek_TM_LTRRetrotransposon,foldseek_TM_Group2Intron,foldseek_TM_Telomerase,rt_family,seq_length,log_likelihood,net_charge,camsol,helix_beta_ratio,yxdd_std_hydrophobicity,n_residues,sasa_per_res,apolar_ratio,mean_rsasa,pocket_mean_rsasa,nterm_avg_sasa,rama_fav,rama_out,hairpin_confidence,yxdd_seq,overall_mean_pot,fingers_mean_pot,motif12_mean_pot,lpqg_sp_3A_mean_pot,yxdd_5A_mean_pot,palm_mean_pot,thumb_mean_pot,connection_mean_pot
A.platensis-Cas1-RT,7.073275089,41.65183453,0.011870504,0.8797,0.8276,0.8228,0.8143,0.4926,0.1954,0.1309,0.07932,0.03345,2,1.0,11.5889,3.8325,7.4584,0.586,0.0216,1.565,0.409,0.545,0.0119,3.1276,0.6667,1.2889,1,1.0,1.0,1.0,1.0,0.938,0.7883,0.281,0.7081,0.6936,0.6689,0.8251,0.5711,0.938,0.8278,CRISPR-associated,278,-1.956323624,-3,0.2775,0.75862069,2.8154,278.0,53.79755396,0.537,0.2728,0.0918,117.61,94.7,0.0,0.727,YGDD,-2.0977,2.3503,13.7854,5.0225,-8.1501,-7.3936,-6.1497,
AFY36037.1-RT,4.370305538,45.81238938,-0.394247788,0.6142,0.5676,0.4957,0.4921,0.363,0.2561,0.147,0.00993,0.001999,2,1.0,26.9361,3.8203,18.1213,0.442,0.0177,1.513,0.222,0.667,-0.3942,3.2604,0.5714,0.6643,0,1.0,1.0,1.0,1.0,0.7864,0.6863,0.161,0.7666,0.7653,0.6804,0.7227,0.5479,0.7864,0.7272,Unclassified,226,-1.474832892,16,1.163689,0.845238095,2.8645,226.0,68.8300885,0.543,0.333,0.1917,129.77,90.4,1.0,,YVDD,7.5003,5.1543,10.4141,6.142,-5.1245,3.1887,16.7114,
ASLV-RT,9.39317894,44.97361888,0.063636364,0.6316,0.4708,0.4257,0.5723,0.3353,0.7082,0.8049,0.2842,0.1978,1,1.0,5.9688,3.8179,0.2268,0.657,0.021,1.288,0.435,0.739,0.0636,3.0196,0.5789,0.9211,1,1.0,1.0,1.0,1.0,0.9344,0.7796,0.309,0.9344,0.9311,0.8359,0.6563,0.7456,0.6675,0.5626,Retroviral,572,-2.239983797,-3,-0.76549,0.904977376,2.9589,572.0,50.67055944,0.566,0.2639,0.1531,146.88,90.8,0.2,0.79,YMDD,-0.8635,-2.0049,9.6151,3.6393,-18.2228,-5.0529,1.4346,2.8752
AVIRE-RT,4.599065781,42.47012987,-0.226695527,0.4672,0.5492,0.5717,0.7853,0.6013,0.8282,0.84,0.386,0.2096,1,1.0,6.1404,3.8527,0.1852,0.544,0.0289,1.329,0.667,0.542,-0.2267,3.0304,0.6,1.095,1,1.0,1.0,1.0,1.0,0.9678,0.8516,0.603,0.9647,0.9678,0.9572,0.7711,0.7082,0.6582,0.5408,Retroviral,693,-1.525853157,-1,0.532101,0.939393939,3.0534,693.0,51.3252381,0.56,0.2636,0.1117,138.6,91.7,0.3,0.765,YVDD,1.6843,4.5122,8.6056,0.6688,-15.4262,-1.1534,6.4446,1.9389
Abi-RT,14.77421188,32.23339683,-0.53968254,0.1474,0.07515,0.08933,0.03547,0.04808,0.06521,0.01785,0.01401,0.0172,0,1.0,44.4348,3.8313,27.1487,0.419,0.054,1.635,0.722,0.722,-0.5397,3.1401,0.5714,1.1286,1,0.0,0.0,0.0,0.0,0.7568,0.5279,0.135,0.7047,0.6961,0.4734,0.7541,0.4228,0.7568,0.5732,Other,315,-2.692883253,3,1.231134,0.872881356,3.4782,315.0,56.08730159,0.552,0.2778,0.2299,121.9,92.8,0.3,0.675,YLDD,2.5161,5.9343,-1.4835,14.6853,-11.3164,2.9849,3.3638,
BAEMV-RT,3.863266706,41.78098694,-0.344267054,0.541,0.6822,0.6048,0.8237,0.5548,0.833,0.8123,0.2282,0.09436,2,1.0,6.1124,3.8391,0.1996,0.511,0.0247,1.327,0.792,0.583,-0.3443,2.9962,0.6,1.095,1,1.0,1.0,1.0,1.0,0.98,0.8752,0.741,0.9756,0.98,0.9673,0.7723,0.593,0.6577,0.5771,Retroviral,689,-1.351513147,2,0.789726,0.896153846,3.0534,689.0,53.82055152,0.56,0.2747,0.1194,132.37,88.7,0.8,0.75,YVDD,1.6267,3.6109,7.7399,-0.3294,-14.0213,-4.5674,7.5255,6.2332
BLV-RT,12.16798019,62.81780822,-0.165753425,0.8775,0.7637,0.7254,0.7468,0.4875,0.8038,0.9293,0.3914,0.1363,1,1.0,6.7487,3.7806,0.4577,0.534,0.0137,1.327,0.682,0.5,-0.1658,2.9862,0.5556,1.1833,1,1.0,1.0,1.0,1.0,0.9063,0.7304,0.285,0.9031,0.9063,0.8455,0.6878,0.5691,0.6637,0.5709,Retroviral,584,-2.498807907,-2,-0.398653,0.801801802,2.7631,584.0,52.30104452,0.575,0.2684,0.1371,129.87,91.4,0.2,0.78,YMDD,-0.7113,3.0463,11.5231,-0.5078,-17.2914,-3.5535,5.7338,-1.2346
Bel-RT,5.843635559,39.95239224,-0.095474138,0.575,0.8018,0.8066,0.8197,0.7892,0.8257,0.951,0.8933,0.8736,3,1.0,5.6213,3.8248,0.2145,0.5,0.0259,1.321,0.435,0.565,-0.0955,3.1091,0.6842,1.1053,1,0.0,1.0,1.0,1.0,0.8537,0.5443,0.098,0.8537,0.8393,0.8375,0.6579,0.4585,0.5673,0.5375,LTR_Retrotransposon,464,-1.765353084,4,-0.431771,0.767567568,3.1831,464.0,51.85616379,0.579,0.2601,0.1143,119.46,93.0,0.2,0.775,YVDD,1.3768,1.4746,8.6554,-12.4953,-16.3086,1.6167,4.3056,
CHLRE,14.97994328,46.75722071,-0.08746594,0.8771,0.9131,0.7468,0.6032,0.2617,0.1174,0.2243,0.1519,0.1244,2,0.0,,,,0.619,0.0163,1.591,0.0,0.0,-0.0875,3.1094,,,1,0.0,0.0,0.0,0.0,0.8135,0.6196,0.125,0.6559,0.6621,0.5051,0.7484,0.5746,0.8135,0.751,LTR_Retrotransposon,367,-2.706712246,14,-1.68798,0.801324503,,367.0,57.48288828,0.543,0.279,0.0,111.22,87.8,2.1,0.685,,4.9786,8.4698,19.2063,11.1876,,-1.0848,5.1804,
CRISPRRT2-RT,5.294905663,29.59874608,-0.215987461,0.2064,0.1278,0.06472,0.04293,0.01897,0.0133,0.004877,0.002055,0.0005113,0,1.0,14.9349,3.8714,9.4629,0.552,0.0219,1.542,0.478,0.478,-0.216,3.2503,0.6842,1.2947,1,1.0,1.0,1.0,1.0,0.9155,0.7941,0.248,0.6902,0.6958,0.5897,0.852,0.5512,0.9155,0.7676,CRISPR-associated,319,-1.666745186,4,0.53376,0.701612903,2.782,319.0,57.38965517,0.538,0.286,0.1039,111.41,91.0,0.3,0.664,YADD,1.617,4.113,14.7995,19.3829,-8.8022,-5.701,13.9471,
CaMV-RT,8.462363243,38.80029326,-0.467008798,0.4656,0.4951,0.3548,0.5784,0.5919,0.7861,0.7854,0.7201,0.3788,1,1.0,17.6487,3.844,10.887,0.459,0.044,1.268,0.696,0.522,-0.467,3.1715,0.7368,1.8,1,1.0,1.0,1.0,1.0,0.9014,0.7026,0.229,0.9014,0.8859,0.8711,0.7359,0.5774,0.6609,0.5473,Other,682,-2.135628462,21,0.498119,0.915662651,2.5045,682.0,61.5663783,0.538,0.305,0.1031,145.57,86.4,2.1,0.818,YVDD,5.915,8.4624,15.7044,5.5313,-4.3699,2.8893,12.9915,1.7487
DRG2-RT,3.685216188,51.28333333,-0.26577381,0.6287,0.5901,0.5363,0.4565,0.1982,0.1176,0.08559,0.0009921,0.000181,2,1.0,14.91,3.8574,9.586,0.574,0.0327,1.732,0.5,0.654,-0.2658,3.2479,0.5909,0.6955,1,1.0,1.0,1.0,1.0,0.9017,0.7327,0.18,0.6442,0.651,0.6326,0.7757,0.4873,0.9017,0.7475,Other,336,-1.304329276,23,0.981695,0.925619835,2.8951,336.0,54.57166667,0.524,0.2657,0.0969,122.44,97.3,0.3,0.737,YMDD,10.069,10.9752,21.1382,8.8851,6.2297,8.885,13.2124,
Drg-RT,3.099359989,31.13030581,-0.393577982,0.5744,0.4464,0.2869,0.2994,0.1324,0.1134,0.04143,0.00544,0.006399,0,1.0,5.5865,3.8276,0.1901,0.532,0.0336,1.771,0.391,0.565,-0.3936,3.1332,0.5789,0.7053,1,1.0,1.0,1.0,1.0,0.9064,0.7469,0.163,0.6285,0.6344,0.5911,0.7793,0.4928,0.9064,0.7458,Other,327,-1.131195664,13,0.991933,0.909090909,2.8115,327.0,54.72730887,0.521,0.268,0.1017,116.83,94.2,0.3,0.77,YMDD,7.9079,5.2588,16.0326,17.8456,9.7755,8.7946,12.8641,
Ec48-RT,9.456342697,41.39164619,-0.384520885,0.06968,0.04422,0.0734,0.03698,0.04064,0.03794,0.01277,0.01038,0.00441,0,0.0,,,,0.482,0.0344,1.57,0.0,0.0,-0.3845,3.2278,,,1,0.0,0.0,0.0,0.0,0.874,0.6618,0.159,0.6816,0.6685,0.7069,0.874,0.5034,0.782,0.606,Retron,407,-2.246685743,27,0.798993,0.952702703,,407.0,57.42928747,0.543,0.2861,0.0,147.19,90.5,0.5,0.74,,12.7721,7.7252,12.7318,12.7628,,9.0308,21.2116,
Ec67-RT,9.759358406,27.12424915,-0.439078498,0.1441,0.1337,0.1362,0.09058,0.05974,0.02751,0.01825,0.01718,0.009707,0,1.0,8.4578,3.8425,4.8225,0.502,0.0273,1.493,0.158,0.579,-0.4391,3.1564,0.4667,0.72,1,1.0,1.0,1.0,1.0,0.848,0.6292,0.204,0.6666,0.6729,0.5959,0.848,0.5518,0.7615,0.5901,Retron,586,-2.278226614,31,0.289514,0.815789474,3.0343,586.0,54.06783276,0.534,0.2692,0.103,119.26,91.9,0.8,0.713,YADD,12.2888,11.6991,17.9581,14.1479,6.4678,13.8731,16.1444,
Er-RT,1.173209071,28.21833333,-0.44600939,0.2112,0.1483,0.1127,0.1426,0.136,0.04771,0.01169,0.002161,0.0001397,0,1.0,7.3391,3.7817,1.0002,0.568,0.0329,1.84,0.333,0.619,-0.446,3.1923,0.7059,1.6353,1,1.0,1.0,1.0,1.0,0.9872,0.8957,0.921,0.6857,0.6894,0.5786,0.8197,0.6233,0.9872,0.7271,Group_II_Intron,426,-0.159742847,23,0.887788,0.887417219,2.73,426.0,52.39276995,0.504,0.2587,0.0933,104.7,95.3,0.5,0.699,YADD,11.5232,8.4725,13.6874,17.8292,4.4507,4.8561,20.2394,
FENV1-RT,3.67293644,41.31409295,-0.371364318,0.5517,0.6564,0.5848,0.8133,0.5344,0.8242,0.7641,0.1733,0.08203,2,1.0,6.1297,3.845,0.1886,0.523,0.021,1.315,0.792,0.583,-0.3714,2.988,0.6,1.095,1,1.0,1.0,1.0,1.0,0.9794,0.8878,0.739,0.9754,0.9794,0.9578,0.7342,0.5828,0.66,0.544,Retroviral,667,-1.300991535,5,0.837728,0.93902439,3.0534,667.0,52.55433283,0.554,0.2667,0.1142,121.34,90.8,0.3,0.77,YVDD,3.2237,6.1602,11.0316,2.5121,-14.8168,-2.1586,8.5092,5.6693
FoxC-RT,16.93254089,50.1431749,-0.501330798,0.6275,0.7279,0.6568,0.7672,0.6196,0.6796,0.6181,0.6071,0.3949,3,1.0,26.5813,3.7864,17.6936,0.363,0.019,1.574,0.391,0.478,-0.5013,3.0837,0.5789,1.0316,1,1.0,1.0,1.0,1.0,0.785,0.572,0.167,0.6369,0.6153,0.579,0.7462,0.4727,0.785,0.6137,LTR_Retrotransposon,526,-2.829237223,24,0.368092,0.939086294,2.5795,526.0,69.36019011,0.563,0.3337,0.0787,119.72,84.5,1.1,0.677,YADD,9.4745,12.4448,22.4714,23.3647,-3.1791,9.294,5.5292,
FuRT-Cas1-RT,8.801057816,44.68291667,-0.37125,0.5879,0.5006,0.5124,0.629,0.6386,0.25,0.2387,0.1557,0.01713,2,0.0,,,,0.467,0.0292,1.55,0.0,0.0,-0.3713,3.2801,,,1,0.0,0.0,0.0,0.0,0.9591,0.8716,0.315,0.7017,0.6888,0.7105,0.8485,0.674,0.9591,0.807,CRISPR-associated,240,-2.174871922,-2,1.013978,0.81443299,,240.0,57.66204167,0.529,0.276,0.0,112.56,95.5,0.4,0.659,,-0.1282,2.3308,12.4422,10.9865,,-2.5362,,
GALV-RT,3.365677357,49.43628319,-0.297050147,0.6774,0.8036,0.792,0.9138,0.83,0.932,0.8963,0.4574,0.27,2,1.0,6.1537,3.8366,0.1635,0.535,0.0295,1.326,0.75,0.542,-0.2971,3.0278,0.6,1.095,1,1.0,1.0,1.0,1.0,0.98,0.8638,0.709,0.9775,0.98,0.958,0.771,0.5934,0.6547,0.5284,Retroviral,678,-1.213629246,17,0.495113,0.94,3.0534,678.0,52.16845133,0.563,0.2661,0.1159,134.62,91.9,0.2,0.75,YVDD,6.0451,6.5025,11.7855,6.0121,-4.8228,5.3603,12.616,8.9024
Gate-RT,7.586501598,49.87839388,-0.322562141,0.6693,0.7849,0.6093,0.711,0.6915,0.59,0.7767,0.7928,0.9083,3,1.0,5.565,3.7966,0.1466,0.499,0.0382,1.423,0.35,0.5,-0.3226,3.1199,0.625,1.0562,1,1.0,1.0,1.0,1.0,0.7963,0.5471,0.083,0.7896,0.7963,0.7584,0.5797,0.4887,0.4991,0.5086,LTR_Retrotransposon,523,-2.026370525,15,-0.152451,0.808290155,3.0947,523.0,52.95219885,0.54,0.259,0.1581,137.57,93.5,0.4,0.765,YVDD,6.0862,12.3437,9.2052,10.5578,-10.1007,4.382,1.954,
GroupII_CLA-RT,3.761259079,43.88205882,-0.314052288,0.1962,0.1994,0.2189,0.09822,0.07668,0.008477,0.007083,0.0007719,0.0001335,0,1.0,24.6144,3.8458,16.3908,0.533,0.0196,1.516,0.333,0.762,-0.3141,3.0478,0.5294,0.7882,0,1.0,1.0,1.0,1.0,0.8896,0.7175,0.274,0.6498,0.6519,0.3071,0.8492,0.6637,0.8896,0.7855,Group_II_Intron,306,-1.324753761,18,0.969733,0.925233645,2.8292,306.0,56.98611111,0.545,0.279,0.1475,122.48,90.7,0.7,,YADD,8.3023,14.0844,15.41,10.5299,-5.5344,-1.3075,-9.4671,
Gs-RT,2.172810078,40.56778043,-0.484725537,0.9285,0.9081,0.8373,0.6836,0.4258,0.2119,0.1345,0.0009729,0.0003788,2,1.0,7.3619,3.7635,0.9461,0.568,0.0329,1.84,0.333,0.619,-0.4847,3.2182,0.6667,0.7889,1,1.0,1.0,1.0,1.0,0.9872,0.8957,0.921,0.6857,0.6894,0.5786,0.8197,0.6233,0.9872,0.7271,Group_II_Intron,419,-0.776021183,34,1.319949,0.826923077,2.939,426.0,52.39276995,0.504,0.2587,0.0933,104.7,95.3,0.5,0.699,YADD,16.0363,11.2814,21.5456,18.9661,7.2848,12.3884,23.807,
Gypsy-RT,6.497917175,36.53840085,-0.337953092,0.3662,0.4486,0.3827,0.4648,0.4058,0.4903,0.5669,0.4889,0.2293,1,1.0,6.8615,3.8317,0.6998,0.516,0.0256,1.377,0.542,0.583,-0.338,3.1405,0.65,1.605,1,1.0,1.0,1.0,1.0,0.9165,0.7387,0.234,0.9165,0.893,0.87,0.6704,0.578,0.666,0.5496,LTR_Retrotransposon,469,-1.871481657,10,0.272462,0.805714286,2.8512,469.0,53.13799574,0.542,0.2631,0.1338,143.22,91.7,0.5,0.685,YVDD,6.1378,4.9262,8.7002,10.6891,-1.5637,4.5948,7.7296,9.2733
HIVpol+MMLVRNaseH_RT,1.94649744,35.14368,-0.536,0.8315,0.7783,0.6348,0.6575,0.4726,0.8507,0.8198,0.7004,0.3401,1,1.0,6.0938,3.8139,0.3012,0.413,0.0368,1.277,0.2,0.5,-0.536,3.0448,0.4375,0.4687,1,1.0,1.0,1.0,1.0,0.8619,0.7047,0.245,0.8552,0.8619,0.7543,0.6268,0.7273,0.6229,0.6296,Retroviral,625,-0.666031539,4,0.841852,0.94092827,2.9649,625.0,58.362848,0.572,0.2921,0.1555,133.54,88.1,0.2,0.71,YMDD,3.4084,8.9358,19.5288,9.081,-5.625,3.2173,0.9584,0.1959
IPMA-RT,8.778963089,44.86369983,-0.028272251,0.8109,0.7652,0.5382,0.63,0.4903,0.6964,0.8514,0.8539,0.7748,1,1.0,5.95,3.8417,0.1798,0.618,0.007,1.319,0.636,0.455,-0.0283,3.1045,0.7222,2.0389,1,1.0,1.0,1.0,1.0,0.932,0.7586,0.322,0.932,0.9229,0.8176,0.6575,0.6825,0.6621,0.5487,Retroviral,573,-2.172358274,8,-1.285191,0.735930736,2.7256,573.0,52.63673647,0.557,0.2699,0.1347,135.98,93.2,0.2,0.85,YMDD,2.2456,-0.0592,15.6875,9.2985,-13.8918,-0.6378,7.901,9.1138
KORV-RT,3.503685951,42.93303835,-0.321238938,0.6555,0.7753,0.7533,0.8986,0.7852,0.9118,0.8744,0.4211,0.2591,2,1.0,6.1211,3.8346,0.1676,0.529,0.0251,1.344,0.75,0.542,-0.3212,3.0285,0.6,1.095,1,1.0,1.0,1.0,1.0,0.9793,0.8711,0.725,0.9763,0.9793,0.9544,0.7787,0.5922,0.6573,0.5441,Retroviral,678,-1.253815532,14,0.49773,0.959349593,3.0534,678.0,53.23458702,0.561,0.2692,0.1146,135.22,93.1,0.3,0.75,YVDD,4.6113,3.9038,11.9113,-0.3418,-11.344,2.7891,15.4929,3.6078
Line1-RT,2.833806515,36.6076699,-0.545995146,0.3972,0.2889,0.18,0.2937,0.2675,0.4359,0.3731,0.6718,0.1392,1,0.0,,,,0.53,0.0461,1.709,0.462,0.538,-0.546,3.2198,,,1,,,,,0.8217,0.5102,0.151,0.7384,0.7411,0.6376,0.8133,0.4634,0.8217,0.5915,Unknown,824,-1.041620851,49,0.999437,0.880733945,,824.0,51.82610437,0.534,0.25,0.0794,143.56,70.2,4.4,0.77,FADD,15.9538,15.0247,11.3093,26.2739,,15.1709,18.8393,
LtrA-RT,3.097157717,47.08428094,-0.566722408,0.6299,0.593,0.3479,0.3417,0.2994,0.07798,0.05383,0.02043,0.002234,2,1.0,11.0467,3.8278,7.4928,0.41,0.0368,1.577,0.391,0.609,-0.5667,3.1581,0.6316,1.1842,1,1.0,1.0,1.0,1.0,0.8714,0.648,0.236,0.6891,0.6958,0.5848,0.8299,0.4786,0.8714,0.7302,Group_II_Intron,598,-1.130484819,40,0.891731,0.901345291,2.9328,598.0,55.24896321,0.536,0.2633,0.0876,110.56,92.1,0.2,0.736,YADD,13.1949,11.8416,-1.0907,13.8612,4.0436,8.3773,16.6621,
MMLV-RT,3.448884964,40.50723781,-0.318759232,0.4015,0.5095,0.4388,0.7279,0.4331,0.7857,0.7463,0.1474,0.05789,1,1.0,6.1134,3.7832,0.2072,0.535,0.031,1.406,0.72,0.6,-0.3188,2.995,0.5714,0.8905,1,1.0,1.0,1.0,1.0,0.9843,0.884,0.972,0.9792,0.9843,0.9615,0.71,0.5897,0.6592,0.491,Retroviral,677,-1.238050938,5,0.780471,0.995951417,3.1171,677.0,49.96398818,0.563,0.257,0.1285,138.07,91.9,0.3,0.75,YVDD,3.9051,5.3065,9.229,2.6192,-10.4784,-3.5245,11.9136,4.8725
MMTV-RT,8.584270477,52.12584437,-0.272847682,0.5207,0.5241,0.402,0.5738,0.4318,0.7809,0.8708,0.8727,0.779,1,1.0,5.8389,3.8256,0.411,0.551,0.0348,1.353,0.545,0.5,-0.2728,3.1403,0.6667,1.6389,1,1.0,1.0,1.0,1.0,0.867,0.707,0.248,0.8624,0.867,0.7277,0.6995,0.6603,0.5597,0.5464,Retroviral,604,-2.149931431,6,-0.568116,0.724,2.9956,604.0,56.19043046,0.561,0.2789,0.098,134.11,89.2,0.9,0.85,YMDD,0.3122,1.0547,14.5609,6.1774,-17.101,-1.824,9.8486,-1.6723
MPMV-RT,8.656078339,37.55570983,-0.104680187,0.2266,0.2055,0.07849,0.3219,0.1082,0.2857,0.5743,0.5304,0.2312,1,1.0,5.8871,3.8126,0.2117,0.523,0.014,1.292,0.455,0.455,-0.1047,3.0537,0.6111,1.25,1,1.0,1.0,1.0,1.0,0.9226,0.7428,0.289,0.9226,0.9133,0.8448,0.6907,0.6666,0.6095,0.5617,Retroviral,641,-2.158261776,7,-1.119678,0.82,3.1812,641.0,56.35444618,0.582,0.2907,0.1138,116.95,88.1,1.1,0.85,YMDD,2.4898,0.5832,14.8411,8.8114,-16.5554,0.687,4.3308,2.6733
Med-CasRT,9.759672165,39.55691318,-0.538585209,0.02335,0.01206,0.005841,0.005216,0.0005625,0.0002317,0.00018,8.342e-05,3.193e-05,0,1.0,11.7362,3.8473,7.0304,0.444,0.0547,1.524,0.261,0.609,-0.5386,3.0828,0.4737,0.4632,1,1.0,1.0,1.0,1.0,0.9118,0.7886,0.274,0.7043,0.699,0.6731,0.8261,0.5437,0.9118,0.7207,CRISPR-associated,311,-2.278258801,-11,1.259983,0.990909091,3.066,311.0,60.70524116,0.517,0.3009,0.0996,145.07,87.7,0.4,0.652,YADD,-3.4352,0.8252,-0.8038,14.4157,-10.5477,-9.0296,-6.7881,
Mx65-RT,4.748226166,53.71197183,-0.393661972,0.3416,0.1886,0.149,0.1309,0.07797,0.03354,0.0153,0.0003632,0.0006996,0,1.0,8.7186,3.8572,4.7174,0.378,0.0352,1.516,0.25,0.55,-0.3937,3.1483,0.4375,0.4562,0,1.0,1.0,1.0,1.0,0.9106,0.7119,0.255,0.6755,0.671,0.6691,0.9106,0.4551,0.7996,0.5511,Retron,426,-1.557771087,37,1.389092,0.896103896,3.0375,426.0,65.77161972,0.557,0.3309,0.1023,121.78,88.3,1.6,,YADD,12.6287,12.0966,15.8272,12.174,0.5732,12.7148,10.2474,
Ne144-RT,6.025179863,50.38538012,-0.502339181,0.1224,0.04609,0.03454,0.006662,0.008527,0.004032,0.001673,0.0001317,0.0006418,0,1.0,8.7514,3.848,4.8067,0.37,0.0351,1.513,0.158,0.632,-0.5023,3.0714,0.4,0.2333,1,1.0,1.0,1.0,1.0,0.8742,0.6733,0.292,0.7101,0.7142,0.5603,0.8742,0.512,0.7517,0.655,Retron,513,-1.795947313,31,1.948546,1.235294118,3.0077,513.0,69.93019493,0.572,0.3581,0.1064,125.93,86.9,0.9,0.484,YADD,9.4923,9.9583,17.057,7.3692,-1.2856,9.6784,11.5485,
Ngaro-RT,9.827791214,48.51180828,0.146840959,0.7515,0.8124,0.665,0.8403,0.698,0.8602,0.8399,0.9027,0.7117,3,0.0,,,,0.599,0.0218,1.399,0.0,0.0,0.1468,3.0492,,,1,0.0,0.0,0.0,0.0,0.8599,0.6699,0.172,0.852,0.8599,0.6979,0.7047,0.6527,0.7273,0.5475,LTR_Retrotransposon,459,-2.285214186,2,-1.202845,0.754098361,,459.0,51.73309368,0.598,0.2628,0.0,132.6,90.4,0.2,0.782,,1.5987,2.8117,2.7314,9.4863,,-2.0086,6.7925,-2.0288
PERV-RT,3.110849857,40.87271364,-0.253973013,0.6367,0.7893,0.7123,0.8785,0.7515,0.9104,0.8661,0.3027,0.1252,2,1.0,6.0544,3.8099,0.1275,0.543,0.0225,1.355,0.72,0.64,-0.254,3.0469,0.5714,0.981,1,1.0,1.0,1.0,1.0,0.9791,0.8628,0.752,0.9757,0.9791,0.9562,0.7661,0.5978,0.657,0.5005,Retroviral,667,-1.134895921,12,0.296968,0.905511811,3.0232,667.0,51.67832084,0.561,0.2613,0.1331,149.04,93.6,0.3,0.75,YVDD,6.3387,8.7704,11.4309,3.1486,-4.8516,1.7816,12.6832,5.8457
POL11ERV-RT,3.71369195,40.16744308,-0.155166375,0.3949,0.4558,0.2736,0.5572,0.3122,0.7397,0.8252,0.8783,0.7651,1,1.0,5.8588,3.7896,0.314,0.587,0.0193,1.391,0.455,0.5,-0.1552,3.1575,0.6667,1.6556,1,1.0,1.0,1.0,1.0,0.9171,0.7463,0.248,0.9171,0.9116,0.8451,0.6914,0.7431,0.6588,0.5546,Retroviral,571,-1.312026501,7,-0.78526,0.753191489,3.0106,571.0,53.29099825,0.553,0.266,0.1083,152.82,90.3,0.6,0.85,YIDD,2.1608,1.9468,-5.6381,6.0675,-7.3933,-0.2654,9.1363,4.4486
ROSE-CRISPR-RT,8.033197403,43.78721973,-0.152242152,0.2812,0.2226,0.1385,0.03282,0.002112,0.002367,0.001416,6.013e-06,4.76e-07,0,0.0,,,,0.439,0.0314,1.592,0.5,0.583,-0.1522,3.099,,,1,0.0,0.0,0.0,0.0,0.8861,0.74,0.188,0.6718,0.6757,0.5978,0.8,0.4566,0.8861,0.4971,CRISPR-associated,446,-2.08358264,8,1.193858,1.070422535,,446.0,64.50457399,0.577,0.3354,0.0914,118.98,88.7,0.3,0.635,FVDD,0.3916,3.5643,15.5685,7.156,,-4.1083,2.5902,
RSVSB-RT,9.822695732,44.51407348,0.107827476,0.5916,0.4349,0.4196,0.572,0.3278,0.7506,0.8228,0.2873,0.1659,1,1.0,5.973,3.8134,0.2401,0.62,0.0192,1.246,0.435,0.739,0.1078,3.0584,0.5789,0.9211,1,1.0,1.0,1.0,1.0,0.9329,0.7687,0.31,0.9329,0.9295,0.8312,0.6566,0.6596,0.5919,0.3041,Retroviral,626,-2.284695625,-1,-0.799422,0.889795918,2.9589,626.0,55.4114377,0.568,0.2875,0.148,120.89,87.6,0.9,0.831,YMDD,-0.1372,0.2508,13.8122,9.2185,-13.9463,-0.9973,1.8326,4.5595
Retron86-RT,2.601273537,43.36645768,-0.273040752,0.399,0.4071,0.3869,0.4295,0.3898,0.2684,0.174,0.3532,0.2757,0,1.0,8.6756,3.8272,4.8684,0.524,0.0219,1.599,0.143,0.667,-0.273,3.1661,0.4118,0.2294,1,1.0,1.0,1.0,1.0,0.9169,0.847,0.955,0.6829,0.6894,0.6944,0.9169,0.5603,0.822,0.7376,Retron,319,-0.956001163,29,0.578626,0.81300813,3.2893,319.0,55.84467085,0.557,0.2735,0.116,108.47,91.6,0.7,0.77,YADD,12.1357,10.8567,16.7429,10.8826,-2.4683,9.4468,18.5264,
Rs-RT,7.692510605,33.92465753,-0.045547945,0.2338,0.1815,0.1746,0.1183,0.04047,0.007811,0.00585,0.002047,0.001064,0,1.0,6.8326,3.8915,0.925,0.572,0.0274,1.5,0.522,0.478,-0.0455,3.1581,0.6316,1.2158,1,1.0,1.0,1.0,1.0,0.9421,0.7451,0.24,0.6578,0.6525,0.5647,0.8484,0.634,0.9421,0.7895,Retron,292,-2.040247202,7,0.522281,0.899082569,2.8682,292.0,53.21513699,0.547,0.2727,0.1056,114.92,93.4,0.4,0.628,YADD,2.4606,4.6332,15.5678,12.8413,-8.78,0.4298,-13.1317,
SEN1-RT,3.424794436,40.49712903,-0.377741935,0.1147,0.0953,0.1405,0.1264,0.1031,0.1089,0.03715,0.02477,0.01072,0,1.0,5.8265,3.8134,0.1436,0.59,0.0194,1.687,0.143,0.619,-0.3777,3.2084,0.4706,0.2353,1,1.0,1.0,1.0,1.0,0.9607,0.8275,0.455,0.7203,0.6796,0.7288,0.9607,0.568,0.8146,0.7039,Retron,310,-1.231041431,19,0.802754,0.821138211,2.7945,310.0,55.62416129,0.517,0.2707,0.113,97.97,95.5,0.3,0.693,YADD,12.8487,13.2716,28.85,23.46,6.3867,10.6183,15.8006,
SRV2-RT,8.443972588,41.86709828,-0.100780031,0.2352,0.1967,0.0847,0.3397,0.1525,0.3903,0.6575,0.4829,0.1755,1,1.0,5.9005,3.8045,0.24,0.512,0.014,1.298,0.409,0.409,-0.1008,3.0434,0.6111,1.25,1,1.0,1.0,1.0,1.0,0.9159,0.7332,0.289,0.9159,0.9079,0.8464,0.6448,0.6714,0.6053,0.5634,Retroviral,641,-2.133452892,13,-1.145563,0.758754864,3.1812,641.0,57.10585023,0.593,0.2952,0.12,122.31,87.1,0.7,0.85,YMDD,3.1471,3.5841,18.1132,10.7153,-14.7353,0.7188,4.6059,4.381
Sau1-RT,5.134877682,44.382881,-0.498121086,0.1602,0.08393,0.05083,0.03922,0.01398,0.002847,0.000789,4.569e-05,0.0001141,0,1.0,8.6167,3.8695,4.7495,0.405,0.0334,1.553,0.158,0.632,-0.4981,3.0691,0.4,0.1333,0,1.0,1.0,1.0,1.0,0.8713,0.6619,0.276,0.7073,0.7071,0.7135,0.8713,0.5484,0.7284,0.5584,Retron,479,-1.636056066,27,1.984723,1.284768212,2.9282,479.0,65.34703549,0.561,0.3359,0.1034,131.39,85.3,0.2,,YADD,11.183,12.412,16.4238,13.0275,2.8459,13.1373,13.2508,
TCDM_11122-RT,6.561050415,47.83009868,-0.308059211,0.01811,0.0147,0.03523,0.05276,0.04751,0.1372,0.09411,0.02811,0.02816,0,1.0,15.1654,3.8907,9.4034,0.416,0.0181,1.414,0.381,0.571,-0.3081,2.9865,0.5294,0.6118,1,1.0,1.0,1.0,1.0,0.8391,0.4816,0.095,0.6797,0.6795,0.6047,0.8391,0.4806,0.832,0.7207,Other,608,-1.881150723,13,0.022037,0.856481481,2.6068,608.0,61.99940789,0.57,0.3181,0.0972,131.85,82.2,3.4,0.706,YADD,6.578,7.5062,13.5115,13.1634,-0.6726,12.1554,8.1177,
Tel4c-RT,3.743699074,42.62212121,-0.645989305,0.9585,0.9434,0.8779,0.8504,0.6641,0.4273,0.1145,0.009204,0.009872,2,1.0,11.703,3.7905,6.9634,0.453,0.0463,1.615,0.478,0.478,-0.646,3.1234,0.6842,1.4053,1,1.0,1.0,1.0,1.0,0.8699,0.6777,0.215,0.689,0.684,0.5632,0.8161,0.5836,0.8699,0.7038,Group_II_Intron,561,-1.320074201,44,1.587499,0.959183673,2.7809,561.0,57.76406417,0.527,0.2812,0.0967,138.4,90.6,0.6,0.692,YADD,17.4929,21.0478,30.0652,21.2875,5.4803,7.854,21.1846,
Tf1-RT,6.449528217,44.75089109,-0.497821782,0.4,0.4115,0.3665,0.6951,0.3658,0.5852,0.609,0.4164,0.2555,1,1.0,6.9796,3.8421,1.1748,0.501,0.0356,1.295,0.577,0.385,-0.4978,3.1852,0.6818,1.7682,1,1.0,1.0,1.0,1.0,0.9132,0.7019,0.217,0.9132,0.8958,0.8981,0.7938,0.6078,0.672,0.4754,LTR_Retrotransposon,505,-1.864006996,14,0.758089,0.902173913,2.9824,505.0,58.61033663,0.547,0.2885,0.1327,143.98,85.7,0.4,0.787,YMDD,5.5491,5.2796,4.9783,-4.8156,-7.9134,1.1477,12.0729,9.1015
Thr-RT,17.14906693,40.56428808,-0.426490066,0.582,0.6618,0.5417,0.6727,0.3727,0.6455,0.5098,0.5569,0.1124,1,1.0,36.1293,3.8033,21.4477,0.404,0.0215,1.518,0.304,0.435,-0.4265,3.1589,0.5263,0.9895,1,1.0,1.0,1.0,1.0,0.7625,0.4921,0.072,0.6362,0.6363,0.5438,0.7625,0.4164,0.7468,0.6904,Retron,604,-2.841943741,39,0.345482,0.838983051,2.4965,604.0,69.75296358,0.579,0.3382,0.1005,121.25,77.7,1.6,0.665,YADD,13.8295,12.9998,33.5308,16.6343,1.3379,7.2303,13.2341,
Ty1B-RT,12.4214716,41.10826953,-0.603215926,0.2134,0.1461,0.1849,0.4104,0.3734,0.7197,0.7391,0.5478,0.4804,1,0.0,,,,0.395,0.0322,1.329,0.455,0.318,-0.6032,3.0935,,,1,0.0,0.0,0.0,0.0,0.8077,0.4917,0.083,0.7986,0.8049,0.8077,0.6528,0.4835,0.5322,0.5155,LTR_Retrotransposon,653,-2.519426584,11,0.953931,0.858870968,,653.0,60.8569219,0.539,0.3003,0.1247,137.24,80.4,2.0,0.755,FVDD,5.4551,3.4011,-6.2374,4.5567,,0.8476,-0.5212,3.2233
Ty3-RT,5.600403309,45.91924686,-0.423012552,0.6712,0.663,0.6939,0.8249,0.6733,0.5951,0.6629,0.5392,0.6414,3,1.0,17.4383,3.8237,10.592,0.494,0.0293,1.32,0.696,0.391,-0.423,3.1563,0.6842,1.7579,1,1.0,1.0,1.0,1.0,0.906,0.7049,0.204,0.906,0.9044,0.8787,0.667,0.7201,0.6068,0.4869,LTR_Retrotransposon,478,-1.72283864,14,0.551809,0.816666667,2.7151,478.0,54.81688285,0.532,0.2731,0.1222,133.81,90.6,0.2,0.715,YLDD,5.4197,9.0904,11.9224,-0.3452,-7.8757,-0.4211,10.6795,5.9876
Tyrosinerecomb-RT,11.45605946,41.46163097,-0.231960461,0.4385,0.4721,0.2661,0.528,0.3587,0.6354,0.8821,0.9346,0.9138,1,1.0,6.0337,3.8187,0.3183,0.567,0.0313,1.384,0.478,0.391,-0.232,3.1653,0.6316,1.2737,1,1.0,1.0,1.0,1.0,0.878,0.7204,0.178,0.8685,0.878,0.7418,0.7077,0.6771,0.6747,0.5371,LTR_Retrotransposon,607,-2.438518763,35,-0.967489,0.778688525,2.8308,607.0,56.30705107,0.55,0.275,0.1103,123.81,91.7,0.5,0.76,YLDD,11.6097,10.9921,15.5394,20.7159,-6.6077,7.1675,17.6979,
Vc95-RT,4.937907219,47.31783439,-0.284076433,0.04784,0.03878,0.0637,0.06404,0.04694,0.06118,0.03922,0.01211,0.005826,0,1.0,24.9195,3.8063,16.3642,0.551,0.0255,1.713,0.143,0.524,-0.2841,3.2912,0.4118,0.0353,1,1.0,1.0,1.0,1.0,0.9748,0.8496,0.457,0.6876,0.6888,0.7294,0.9748,0.5663,0.8172,0.6965,Retron,314,-1.59694159,25,0.628979,0.700787402,2.8006,314.0,56.16601911,0.53,0.2718,0.1147,108.52,92.8,0.7,0.713,YADD,11.5471,10.2556,27.1415,16.8799,-1.3597,12.093,12.9522,
Vp96-RT,3.668575764,33.53942308,-0.345512821,0.04386,0.01868,0.02309,0.02173,0.02657,0.03622,0.02435,0.02109,0.004378,0,1.0,5.4754,3.8167,0.7223,0.587,0.016,1.67,0.19,0.714,-0.3455,3.1457,0.3529,-0.0059,1,1.0,1.0,1.0,1.0,0.9785,0.8625,0.579,0.7162,0.6835,0.728,0.9785,0.5619,0.7987,0.6841,Retron,312,-1.299803495,12,0.618327,0.808,2.8329,312.0,55.76150641,0.534,0.2738,0.1039,106.55,93.4,0.7,0.75,YADD,7.6035,12.9096,22.7375,22.8919,3.5373,5.6267,3.1744,
WDSV-RT,9.789031029,44.80131579,-0.121929825,0.5442,0.5673,0.4749,0.7104,0.4396,0.5719,0.8463,0.639,0.5477,1,1.0,6.2681,3.8012,0.3201,0.516,0.0292,1.31,0.583,0.5,-0.1219,3.0699,0.7,1.945,1,1.0,1.0,1.0,1.0,0.9522,0.8283,0.391,0.9522,0.9358,0.921,0.8189,0.6012,0.5976,0.5488,Retroviral,684,-2.281262398,6,-1.012724,0.803030303,2.4927,684.0,53.32163743,0.572,0.2725,0.1322,153.77,89.5,0.7,0.81,YMDD,3.5857,4.6435,12.1437,3.5256,-10.9903,-0.4837,10.6021,7.6843
WMSV-RT,3.248924017,44.4327381,-0.278720238,0.7232,0.8445,0.828,0.925,0.8354,0.9353,0.9037,0.5032,0.2916,3,1.0,6.1635,3.8303,0.1637,0.543,0.0283,1.333,0.75,0.583,-0.2787,3.037,0.6,1.095,1,1.0,1.0,1.0,1.0,0.9792,0.8646,0.725,0.9768,0.9792,0.9608,0.7744,0.5934,0.6557,0.5218,Retroviral,672,-1.178323865,16,0.463192,0.963562753,3.0534,672.0,51.33233631,0.565,0.262,0.1166,135.48,92.7,0.2,0.75,YVDD,6.0396,6.1248,11.3339,5.8416,-5.2486,3.2374,13.6707,8.4802
"retronE,coli-RT",2.740664721,44.61471471,-0.247747748,0.5084,0.5557,0.4808,0.576,0.5067,0.3135,0.1814,0.3492,0.3125,1,1.0,8.6581,3.8484,4.8709,0.514,0.018,1.562,0.15,0.7,-0.2477,3.1319,0.4375,0.525,1,1.0,1.0,1.0,1.0,0.9178,0.8425,0.955,0.6999,0.6897,0.7214,0.9178,0.5653,0.8224,0.7375,Retron,333,-1.008200526,29,0.573197,0.824,3.164,333.0,57.6154955,0.568,0.2898,0.1075,117.46,89.2,0.3,0.77,YADD,,,,,,,,
